,"Keeps my coffee hot for hours—just what I need for long workdays. Thanks, Contigo.","The lid isn’t leak-proof, but it keeps drinks warm for a decent amount of time.","Love the sleek design of my Zojirushi mug, and it fits perfectly in my car cup holder!",It’s lightweight but keeps my drinks at the right temperature for hours with Hydro Flask.,No more cold coffee! This Yeti thermal mug does the job.,"It’s easy to clean, and the thermal insulation works like a charm.","The handle makes it easy to carry, and it doesn’t spill.","Not great for keeping drinks cold, but excellent for hot beverages.","I wish it were bigger, but it’s perfect for my morning tea.","I accidentally dropped it, and it didn’t dent! Very sturdy.",The rubber seal around the lid came loose after a few weeks. Disappointing.,Great for both coffee and soup—keeps them warm for hours.,"The exterior stays cool, even when my drink is piping hot inside.","I love the color options, and it’s great for on-the-go.","Keeps ice water cold for hours, even in hot weather!","It’s a little tricky to open one-handed, but overall, a great mug.","The size is perfect for travel, and it keeps drinks hot all day.","It doesn’t leak, even when I toss it in my bag. Highly recommend Contigo.","The lid is a little tight, but the mug works well for keeping drinks warm.",Very stylish and functional! I get compliments all the time.,Keeps my coffee scalding hot for longer than any mug I’ve owned with Zojirushi.,Great value for the price. Works just as well as more expensive brands.,The mug is lightweight and easy to carry around.,It fits perfectly under my single-serve coffee machine!,"Durable, sleek, and it does exactly what it’s supposed to.",My dishes come out sparkling clean every time with Cascade. Love this detergent!,"It works well on glass, but I’ve noticed spots on my silverware.","Great for tough, greasy messes. Leaves no residue! Thanks, Finish.",This detergent smells amazing and leaves my dishwasher fresh.,"It’s a little pricey, but my dishes have never looked better with Cascade Platinum.",Gets rid of even the most stubborn baked-on food. Highly recommend Finish Quantum.,"Not the best on hard water stains, but otherwise it works great.",My dishes have never been so spotless after a wash!,"It’s very effective, but I wish it came in a fragrance-free version.",Cuts through grease like a dream. No more pre-rinsing with Cascade Complete.,"This detergent doesn’t leave any residue on plastic, which I love.",My glasses come out clear and sparkling every single time.,It doesn’t work well with my eco dishwasher. Dishes aren’t as clean.,Very efficient—gets rid of food stains and smells with no problem.,"I noticed some streaks on my glassware, but overall it works well.",Leaves my dishes spotless and my machine smelling fresh.,"A great, eco-friendly option that actually works!",It’s a little hard on some of my delicate dishware.,This is the only detergent that works on my hard water stains.,No need to rewash dishes after using this—so efficient!,Perfect for everyday use. My dishes are clean and shiny.,"Leaves a chemical smell, but it’s effective at cleaning.","A bit expensive, but worth it for the spotless results.",No more streaks or water spots! Best dishwasher detergent ever.,My silverware and dishes look brand new after every wash.,Absorbs quickly and doesn’t leave a greasy residue. Great for daily use with Neutrogena.,"The scent is a little strong, but it protects well with Coppertone.",Perfect for sensitive skin! No breakouts or irritation with La Roche-Posay.,"A bit thick to apply, but once it’s on, it stays all day.","I love the lightweight formula of CeraVe, perfect for wearing under makeup.","Doesn’t leave a white cast, even on darker skin tones.",The spray bottle makes it super easy to apply on the go.,This sunscreen saved me from burning on a beach vacation with Banana Boat!,"It’s waterproof, which is a must for pool days. Highly recommend Hawaiian Tropic.","A bit pricey, but the protection it provides is worth every penny with Supergoop.",This is my go-to sunscreen for both my face and body with Neutrogena.,"It’s a little greasy, but it gets the job done in strong sun.","No weird scent, and it goes on smooth. Love this product!","Perfect for outdoor activities—no sunburn, even after hours outside.","It’s great for kids! No irritation, and it’s easy to apply with Blue Lizard.","A little too heavy for my face, but works perfectly for the body.","The texture is nice and light, not sticky at all.","This sunscreen doesn’t clog my pores, which is a huge plus with EltaMD.","I’ve tried a lot of sunscreens, and this one offers the best protection with La Roche-Posay.","It leaves a slight sheen, but I love how protected my skin feels.",This formula doesn’t dry out my skin like others do.,It’s great under makeup—no pilling or greasiness.,"I wish it were more affordable, but it’s worth it for the protection.","Very effective, even after swimming for hours.",My skin stays soft and protected all day with Neutrogena sunscreen.Gets my clothes fresh and clean every time. No lingering odor with Tide.,"It dissolves well, even in cold water. My whites have never been brighter thanks to Ariel.","A little pricey, but worth it for the excellent stain removal power of Persil.",This powder leaves a residue on darker clothes. Not a fan of OMO.,Great for sensitive skin! No itching or redness after using Seventh Generation.,I love how eco-friendly this detergent is. It’s a big plus for me with Ecover.,I don’t need fabric softener anymore—this leaves my clothes so soft!,"My laundry has never smelled so fresh, and it lasts for days with Gain.",It’s not the best for heavy stains but works great for daily washes.,"Great value for the price. This box lasts forever! Thanks, Arm & Hammer.",Perfect for my workout gear—gets rid of all the sweat smells.,"Leaves a bit of powder behind in the machine, but it cleans well.","I’ve been using it for years, and Tide never disappoints.","Not as effective in hard water areas, but still decent.",My go-to detergent for all of my family’s laundry needs.,I noticed some fading in my darker clothes after a few washes.,It’s gentle on my baby’s clothes and skin with Dreft.,Very effective at removing mud and grass stains from the kids’ clothes.,"I like the scent, but it might be too strong for some.",No complaints so far! My clothes feel clean and fresh.,Works just as well as liquid detergents but at a lower cost.,"A bit too perfumed for my taste, but it gets the job done.",My clothes are noticeably softer and smell better than before.,"The box is hard to pour from, but the detergent works well.",This is my new favorite detergent. So much better than the leading brand!
Contigo Workday Travel Mug – Keeps Coffee Hot for Hours!,96,61,62,64,62,61,62,62,61,61,61,64,62,8,62,61,63,94,62,9,63,9,60,62,8,9,10,10,9,10,10,10,10,8,9,10,9,10,10,10,10,8,10,10,10,10,9,8,10,10,10,10,9,10,9,9,9,11,10,10,9,9,7,Error,10,9,9,9,9,9,9,9,7,10,Error,11,10,10,9,10,9,12,10,10,10,10,10,8,10,10,10,9,7,10,9,9,9,10,9
Zojirushi Sleek Travel Mug – Perfect Fit for Car Holders,62,61,97,62,62,61,62,61,61,62,61,61,61,8,61,61,62,63,62,9,95,9,62,61,8,9,10,10,9,10,10,10,10,9,9,10,9,10,10,10,10,8,10,10,10,10,9,8,10,10,10,10,9,10,9,9,10,11,10,10,10,10,7,Error,11,10,9,9,10,10,9,9,7,9,Error,11,11,11,10,11,10,10,10,9,10,10,10,8,10,10,10,10,7,10,10,8,10,10,10
Hydro Flask Lightweight Insulation Mug – Stay Warm for Hours,63,63,62,95,63,63,63,63,62,63,63,64,64,8,63,62,62,63,63,10,63,10,62,62,8,10,11,12,10,11,11,12,11,9,11,11,10,11,11,11,11,9,11,12,11,11,10,9,11,11,11,12,10,11,10,11,11,12,11,11,11,11,8,Error,11,11,10,10,10,11,11,10,8,11,Error,12,11,11,11,11,11,12,11,11,10,11,10,9,10,11,11,10,8,11,11,8,11,11,10
Yeti Thermal Mug – No More Cold Coffee!,61,61,61,60,96,60,61,62,62,60,61,62,61,7,62,61,60,61,62,8,62,9,60,61,7,9,10,10,9,9,9,9,10,8,9,9,9,9,10,9,10,8,9,10,9,9,9,9,9,9,9,10,9,9,8,9,9,10,9,9,9,10,8,Error,9,9,9,9,9,9,9,10,7,9,Error,10,9,10,9,9,9,9,9,9,9,9,9,8,9,9,9,8,8,9,9,8,9,9,9
Contigo All-Day Heat Retention Mug – Ideal for Travel,94,62,62,62,61,61,62,61,61,61,61,61,61,9,61,61,63,94,61,9,61,8,62,61,7,9,9,10,9,10,11,10,10,9,11,10,10,10,10,10,10,9,10,10,10,10,9,8,10,10,10,10,9,11,9,9,11,10,10,11,10,9,7,Error,11,10,9,8,10,10,9,9,7,10,Error,11,11,11,10,11,10,11,11,9,10,10,10,8,10,10,10,10,7,10,10,8,10,10,10
Contigo Leak-Proof Mug – Toss in Your Bag with Confidence,94,63,62,61,62,61,62,61,61,61,61,61,61,9,61,61,60,95,61,9,62,9,60,61,7,9,10,10,9,10,10,10,10,9,10,10,9,10,10,10,10,9,10,10,9,10,9,9,9,10,10,10,9,9,9,9,9,10,10,10,10,9,8,Error,9,9,9,9,10,10,9,9,7,9,Error,10,10,10,9,10,9,9,10,10,9,10,9,8,9,9,10,9,7,9,9,8,9,9,9
Zojirushi Scalding Hot Coffee Mug – Best Insulation Yet,63,62,95,62,63,61,62,63,62,61,62,63,62,8,62,61,61,63,62,9,97,9,61,62,7,10,11,11,10,10,10,11,10,8,10,10,10,11,11,11,10,9,10,11,10,10,10,9,11,11,11,12,9,10,9,10,10,11,10,10,10,10,8,Error,10,10,9,10,10,10,10,10,8,9,Error,11,11,11,10,10,10,10,10,9,10,11,9,9,10,10,11,10,8,10,10,8,10,10,10
Cascade Sparkling Clean Detergent – Your Dishes Will Shine,11,10,10,10,11,11,11,11,10,10,10,11,11,8,10,10,10,11,11,10,11,9,9,10,8,96,65,66,64,66,65,65,64,9,65,65,64,65,65,65,65,8,65,65,64,65,10,9,64,65,11,12,9,10,9,11,10,11,11,11,11,11,8,Error,11,10,10,10,10,11,10,10,8,10,Error,13,12,12,11,12,11,12,12,10,12,64,11,8,11,12,13,11,8,12,11,9,12,12,11
"Finish Detergent – Tough on Grease, No Residue Left",10,10,10,10,10,10,10,10,10,10,11,10,11,8,10,10,9,11,10,9,10,9,10,10,8,64,63,97,63,64,64,64,64,9,65,65,63,63,64,64,64,8,63,64,63,64,9,9,64,63,12,11,10,10,9,10,10,10,10,10,10,10,7,Error,11,10,9,9,9,10,9,10,7,9,Error,13,12,12,12,12,11,12,12,9,11,63,11,8,11,11,12,11,8,12,12,8,12,12,11
"Cascade Platinum Detergent – Pricey, But Worth It for Results",10,10,11,10,10,10,10,10,10,10,10,10,10,8,10,10,9,11,10,9,10,10,9,10,8,94,64,65,63,66,64,64,64,9,64,64,63,64,64,64,64,8,64,64,64,64,9,9,64,64,11,12,9,10,9,10,10,11,10,12,10,10,8,Error,10,10,9,9,10,10,9,9,8,10,Error,12,14,12,11,12,11,12,12,10,11,64,11,8,11,11,12,11,7,12,12,9,11,11,12
Finish Quantum Detergent – Stubborn Food Stains Gone,10,10,11,10,10,10,11,10,10,10,10,11,10,8,10,10,9,11,11,9,10,9,9,10,8,65,64,96,63,65,67,65,64,9,65,65,64,64,66,65,64,8,64,65,64,64,10,9,65,64,11,11,9,10,10,10,10,11,11,10,10,11,7,Error,10,10,9,9,10,11,10,10,8,10,Error,12,12,13,12,12,11,12,13,9,12,64,12,9,12,12,12,12,8,12,12,9,12,12,11
Cascade Complete Detergent – No Pre-Rinsing Needed for Grease,10,10,9,10,10,10,10,10,9,9,10,10,10,8,10,10,9,10,10,9,10,8,9,10,7,94,63,65,63,64,64,63,64,8,68,64,63,63,64,63,64,8,64,64,64,64,9,8,63,63,11,10,10,10,9,10,10,10,10,10,10,10,7,Error,11,9,9,9,9,10,9,11,7,9,Error,12,11,12,11,11,11,11,12,9,11,63,11,8,11,11,11,10,7,11,11,8,11,11,11
"Neutrogena Daily Sunscreen – Quick Absorption, No Grease",10,10,10,10,10,10,10,10,10,10,10,10,10,8,10,10,9,11,11,9,10,9,10,10,7,10,11,12,10,10,11,11,11,9,11,11,10,10,11,11,11,8,11,11,11,11,10,9,11,11,96,64,10,61,9,62,62,63,62,62,95,63,8,Error,63,62,10,61,61,63,10,62,8,62,Error,11,11,11,11,10,10,11,11,9,10,11,10,9,9,10,11,10,8,11,10,8,11,10,10
"Coppertone Suncream – Strong Scent, Strong Protection",11,10,10,10,11,10,10,10,10,10,10,10,10,8,10,9,9,10,11,9,10,9,9,9,7,10,11,11,10,11,11,11,11,9,10,11,10,10,11,11,10,8,11,11,10,11,11,9,10,11,63,97,10,61,9,62,62,63,62,63,62,63,8,Error,63,62,10,61,62,63,10,61,8,62,Error,11,12,11,11,11,11,11,11,10,10,11,9,8,9,10,11,10,9,10,10,9,11,10,10
La Roche-Posay Sensitive Skin Sunscreen – No Breakouts,11,10,10,10,10,10,10,10,9,9,10,10,10,8,10,10,9,11,10,9,10,9,9,9,7,9,10,11,9,10,11,10,10,9,10,10,10,10,10,10,10,9,10,11,10,10,9,9,10,10,62,62,47,61,9,62,61,62,62,62,62,62,8,Error,62,62,10,60,97,62,9,62,7,61,Error,11,10,11,12,10,10,10,11,9,10,10,10,9,9,10,11,10,8,10,10,8,10,10,9
CeraVe Lightweight Sunscreen – Perfect Under Makeup,11,10,11,10,10,10,10,10,10,10,11,10,11,8,10,10,10,11,11,10,10,10,10,11,8,11,11,12,10,11,12,11,11,9,11,11,11,11,11,11,11,9,11,11,11,11,10,9,11,11,62,64,10,62,44,62,62,63,62,62,62,63,8,Error,62,62,10,61,62,62,10,62,7,62,Error,11,11,11,10,10,10,11,11,10,10,11,10,8,10,11,12,10,8,10,9,9,10,10,10
"Banana Boat Beach-Saver Sunscreen – No Burns, Just Fun",10,10,10,10,10,10,10,10,9,9,10,10,10,9,10,10,9,10,10,9,10,8,9,10,7,9,10,11,10,10,11,11,10,9,10,10,10,10,10,10,10,9,10,10,10,10,9,8,10,11,61,62,10,61,8,61,61,95,61,62,62,61,8,Error,62,61,9,60,61,61,9,61,7,61,Error,11,10,11,11,10,10,10,11,10,10,10,9,8,10,10,11,10,7,10,9,8,10,10,9
Hawaiian Tropic Waterproof Sunscreen – Pool Day Essential,10,10,10,10,10,10,10,10,10,10,11,10,10,8,10,9,9,11,10,9,11,9,9,9,7,10,10,11,9,10,10,11,10,9,10,10,10,10,11,10,11,9,10,11,10,10,9,9,11,10,62,63,9,61,9,61,61,64,98,62,62,62,7,Error,62,62,9,60,62,62,10,61,8,62,Error,11,11,11,10,10,10,10,11,9,10,10,10,9,10,10,11,10,8,10,10,8,10,10,10
Supergoop Premium Sunscreen – Worth Every Penny,10,10,11,10,10,10,10,10,10,9,10,10,9,8,9,10,10,11,10,9,10,9,9,10,7,11,10,10,9,10,10,10,10,9,10,10,11,10,10,10,10,8,10,10,10,10,9,8,10,10,62,62,9,61,9,61,61,63,62,98,62,61,7,Error,62,61,9,60,61,62,9,61,7,61,Error,10,11,10,10,11,9,10,10,10,10,10,9,8,10,10,10,9,7,10,10,8,10,10,10
Neutrogena Face & Body Sunscreen – All-Purpose Protection,10,10,10,9,9,9,10,10,9,9,10,9,10,9,9,10,9,10,10,9,10,8,9,10,7,9,10,10,9,10,10,10,11,9,10,10,9,10,10,10,10,9,10,11,10,10,10,8,10,11,95,62,9,61,9,61,61,62,61,62,96,61,7,Error,61,63,8,59,62,62,9,61,8,62,Error,10,10,11,10,11,10,10,10,8,10,10,9,8,10,10,11,10,7,10,9,8,10,10,9
EltaMD Pore-Friendly Sunscreen – Protection Without Clogging,10,11,11,10,10,10,10,10,10,10,10,10,10,8,9,10,9,11,10,9,10,9,10,10,7,9,10,11,9,10,11,10,10,10,11,10,10,10,10,10,11,9,10,11,10,10,10,9,10,10,62,63,10,61,9,61,61,62,61,62,62,61,7,Error,62,62,9,93,62,62,9,61,8,61,Error,10,11,11,11,11,10,10,10,8,10,10,9,9,10,10,10,10,8,10,10,8,10,10,10
La Roche-Posay Suncream – The Best in Sun Protection,9,10,10,10,9,10,9,9,9,9,9,9,9,8,9,9,9,10,9,8,10,8,9,9,7,9,10,10,9,10,10,10,10,8,10,10,9,10,10,10,10,8,10,10,10,10,9,8,10,10,61,63,43,61,8,61,61,62,62,62,61,61,7,Error,62,61,8,60,97,62,8,60,8,61,Error,10,11,10,10,10,10,10,10,8,10,10,9,8,10,10,10,10,7,10,9,8,10,9,10
"Neutrogena Sunscreen – Soft, Protected Skin All Day",11,10,10,11,10,10,10,10,10,10,11,10,10,8,10,9,11,10,10,9,10,9,10,10,7,10,10,11,10,10,11,11,10,9,10,10,10,10,11,10,10,9,10,11,10,11,10,9,10,11,95,64,10,63,10,62,62,62,62,62,95,62,8,Error,62,62,9,61,62,63,10,61,8,62,Error,11,10,11,11,10,11,11,11,9,10,10,9,9,10,11,11,10,8,10,10,8,10,10,10
"Tide Powder Detergent – Fresh, Clean Clothes Every Time",11,10,10,10,10,10,10,11,10,9,10,11,10,8,10,10,10,10,10,9,10,9,9,10,7,14,12,13,11,12,12,12,12,8,12,12,13,12,12,12,12,8,12,12,12,12,10,9,12,12,11,11,9,10,9,10,10,11,11,11,11,10,7,Error,11,10,9,9,10,11,10,10,7,10,Error,64,63,65,63,64,64,65,65,9,64,12,94,9,63,65,65,63,8,65,63,8,64,63,63
"Ariel Powder Detergent – Whites Brighter, Even in Cold Water",11,10,10,10,11,10,10,11,10,10,11,11,11,8,11,10,10,11,11,9,11,9,10,10,7,11,12,13,11,12,12,12,12,9,12,12,12,11,12,12,12,9,12,13,12,12,10,9,12,12,11,11,9,10,10,11,10,11,11,10,10,11,8,Error,11,10,10,9,10,11,10,10,8,10,Error,97,64,66,64,64,64,64,65,9,64,12,63,9,63,65,65,63,8,65,64,8,65,64,64
Persil Powder Detergent – Powerful Stain Removal,10,10,10,10,10,10,10,10,10,10,10,10,10,8,9,10,9,11,10,9,10,9,10,10,7,11,11,12,10,11,12,12,12,9,12,12,11,11,12,12,12,8,12,12,12,12,10,9,12,11,11,11,9,10,10,10,10,11,10,10,10,10,7,Error,11,10,9,9,10,11,9,9,8,10,Error,65,97,65,64,65,64,64,65,9,64,12,63,9,63,64,64,64,8,65,64,8,65,64,64
OMO Powder Detergent – Leaves Residue on Dark Clothes,11,10,11,10,11,10,11,11,10,10,10,11,11,8,11,10,10,11,11,9,11,9,9,10,7,11,13,13,11,12,12,12,12,9,12,13,11,12,12,12,12,9,12,12,12,12,10,9,12,12,12,12,10,10,10,11,10,12,10,11,11,11,8,Error,11,11,10,10,10,11,11,10,8,10,Error,65,64,99,64,64,65,64,65,10,64,12,63,9,63,65,65,64,8,64,64,9,64,64,64
Seventh Generation Powder Detergent – Great for Sensitive Skin,10,10,10,10,9,10,10,10,10,10,10,10,10,7,9,10,10,10,10,9,10,9,10,10,7,11,11,12,10,11,11,11,11,9,11,12,11,11,11,11,11,8,11,11,11,11,9,8,11,11,10,11,10,10,9,10,10,10,10,10,10,10,7,Error,11,10,9,9,10,11,10,10,7,10,Error,64,64,65,96,64,64,64,64,9,63,11,63,8,63,64,64,63,7,64,64,8,64,63,64
Ecover Eco-Friendly Detergent – Perfect for the Eco-Conscious,10,11,10,10,10,10,10,10,9,10,10,10,10,8,10,10,9,10,10,9,10,8,9,10,7,63,63,63,62,63,64,63,64,9,64,64,62,64,64,63,64,11,64,63,64,64,9,8,63,63,10,10,8,9,8,10,10,10,10,11,11,10,7,Error,10,10,8,8,10,10,8,9,7,10,Error,11,11,12,10,46,11,11,12,9,11,63,10,8,11,11,11,11,7,11,11,8,11,10,11
Gain Powder Detergent – Fresh-Smelling Laundry for Days,10,10,10,10,10,10,10,10,9,9,10,10,10,8,10,10,10,10,10,9,10,9,9,10,7,11,12,12,11,11,12,12,12,9,12,12,11,12,12,12,12,9,12,12,12,12,10,9,11,12,11,11,9,10,9,10,10,10,10,10,11,10,7,Error,10,10,9,9,10,11,10,10,7,10,Error,64,63,65,63,65,64,96,64,8,64,12,63,8,64,64,64,63,8,64,64,9,64,63,63
"Arm & Hammer Powder Detergent – Great Value, Lasts Forever",10,10,10,10,10,10,10,10,10,10,10,10,10,8,10,10,10,10,10,9,10,10,10,10,8,11,11,12,11,12,12,12,11,9,11,12,11,11,12,12,12,8,11,12,11,12,9,8,12,12,10,11,9,10,9,10,10,11,10,11,10,10,8,Error,11,10,9,9,10,10,9,10,7,10,Error,64,64,64,63,64,63,64,64,44,63,12,63,8,63,63,63,62,7,64,64,9,64,64,64
Dreft Baby Powder Detergent – Gentle on Baby Clothes,10,10,10,10,9,10,9,10,9,9,10,10,10,7,9,9,9,10,10,9,10,8,9,9,7,10,11,12,10,11,12,11,11,8,11,11,11,12,11,11,11,8,12,11,12,12,9,8,11,11,10,10,9,10,9,10,10,10,10,10,10,10,7,Error,10,10,9,9,9,10,10,10,7,9,Error,64,63,65,63,64,64,64,64,9,63,12,63,8,63,64,96,64,7,64,64,8,64,63,63
